Invoice Number,Date,Customer,City,Subtotal,GST (18%),Total,Item,Quantity,Rate,Amount
1001,2025-09-24,Sunrise Retailers,Chennai,8575.71,1543.63,10119.34,Mouse,3,4146,12438
1001,2025-09-24,Sunrise Retailers,Chennai,14292.86,2572.71,16865.57,Keyboard,5,2966,14830
1001,2025-09-24,Sunrise Retailers,Chennai,2858.57,514.54,3373.11,Printer,1,532,532
1001,2025-09-24,Sunrise Retailers,Chennai,11434.29,2058.17,13492.46,Keyboard,4,2113,8452
1001,2025-09-24,Sunrise Retailers,Chennai,2858.57,514.54,3373.11,Mouse,1,3768,3768
1002,2025-09-28,Fresh Supply Co.,Chennai,8886.0,1599.48,10485.48,Keyboard,4,3817,15268
1002,2025-09-28,Fresh Supply Co.,Chennai,8886.0,1599.48,10485.48,Monitor,4,626,2504
1003,2025-09-20,XYZ Enterprises,Bangalore,9061.33,1631.04,10692.37,Printer,4,936,3744
1003,2025-09-20,XYZ Enterprises,Bangalore,2265.33,407.76,2673.09,Headphones,1,3085,3085
1003,2025-09-20,XYZ Enterprises,Bangalore,11326.67,2038.8,13365.47,Tablet,5,4372,21860
1003,2025-09-20,XYZ Enterprises,Bangalore,6796.0,1223.28,8019.28,Tablet,3,1355,4065
1003,2025-09-20,XYZ Enterprises,Bangalore,4530.67,815.52,5346.19,Tablet,2,613,1226
