Invoice Number,Date,Customer,City,Subtotal,GST (18%),Total,Item,Quantity,Rate,Amount
1001,2025-09-24,"Sunrise Retailers
Address",Chennai,40020.00,7203.60,40020.00,Mouse,3,4146,12438
1001,2025-09-24,"Sunrise Retailers
Address",Chennai,40020.00,7203.60,40020.00,Keyboard,5,2966,14830
1001,2025-09-24,"Sunrise Retailers
Address",Chennai,40020.00,7203.60,40020.00,Printer,1,532,532
1001,2025-09-24,"Sunrise Retailers
Address",Chennai,40020.00,7203.60,40020.00,Keyboard,4,2113,8452
1001,2025-09-24,"Sunrise Retailers
Address",Chennai,40020.00,7203.60,40020.00,Mouse,1,3768,3768
1002,2025-09-28,Fresh Supply Co,Chennai,17772.00,3198.96,17772.00,Keyboard,4,3817,15268
1002,2025-09-28,Fresh Supply Co,Chennai,17772.00,3198.96,17772.00,Monitor,4,626,2504
